JOB,COMPANY,LOCATION,PAY,JOB LEVEL,EMPLOYMENT TYPE,LOGO,JOB URL
Associate Software Engineer (New Grad) - Slack,Slack,"Toronto, Ontario, Canada",N/A,Associate,Full-time,https://media-exp1.licdn.com/dms/image/C560BAQG-22OtXJPGpA/company-logo_100_100/0/1568751879393?e=1668038400&v=beta&t=imcFWK1UaZTnz0BRscEdsoGvBg2TpaIdT1Gk5LlZG8g,https://ca.linkedin.com/jobs/view/associate-software-engineer-new-grad-slack-at-slack-3212279613?refId=plnIOzFaeERnCTnIIpgeQw%3D%3D&trackingId=XYnRLCAS5006K6z%2FngQ5Hg%3D%3D&position=1&pageNum=0&trk=public_jobs_jserp-result_search-card
"Software Engineer, 2022 New Grad",Jerry,"Toronto, Ontario, Canada",N/A,Full-time,N/A,https://media-exp1.licdn.com/dms/image/C560BAQFn2QCrOCDMwg/company-logo_100_100/0/1620748502390?e=1668038400&v=beta&t=FALKPisBBCbLm_6bELScSJF9Jer4sTdCc5WczlsrKHM,https://ca.linkedin.com/jobs/view/software-engineer-2022-new-grad-at-jerry-3205276463?refId=plnIOzFaeERnCTnIIpgeQw%3D%3D&trackingId=bpRYt1gulB1iltvDAn8wGA%3D%3D&position=2&pageNum=0&trk=public_jobs_jserp-result_search-card
Software Developer (New or Recent Graduates),BMO,"Toronto, Ontario, Canada",N/A,Not Applicable,Full-time,https://media-exp1.licdn.com/dms/image/C560BAQFCNkpWWmhfFg/company-logo_100_100/0/1657053814042?e=1668038400&v=beta&t=v5WojvizvGlGbTQj_rO2kIfZPsp6Sligi6MU4QwFR8Q,https://ca.linkedin.com/jobs/view/software-developer-new-or-recent-graduates-at-bmo-3212162459?refId=plnIOzFaeERnCTnIIpgeQw%3D%3D&trackingId=MnFYoAd7AjC1%2FezrEfQzgg%3D%3D&position=4&pageNum=0&trk=public_jobs_jserp-result_search-card
Java Developer,CorGTA Inc.,"Toronto, Ontario, Canada",N/A,Full-time,N/A,https://media-exp1.licdn.com/dms/image/C560BAQFRZzDoVA0xEw/company-logo_100_100/0/1614113052314?e=1668038400&v=beta&t=m3LuhJbbXGCclq1N5uU8suU0hs_94OKShQSFMBsroE8,https://ca.linkedin.com/jobs/view/java-developer-at-corgta-inc-3215264628?refId=plnIOzFaeERnCTnIIpgeQw%3D%3D&trackingId=%2Bp%2BWV8FLZ4623guSddKf1w%3D%3D&position=5&pageNum=0&trk=public_jobs_jserp-result_search-card
Software Developer I,Moneris,"Toronto, Ontario, Canada",N/A,Entry level,Full-time,https://media-exp1.licdn.com/dms/image/C560BAQGzUmyaNPMBng/company-logo_100_100/0/1657553232281?e=1668038400&v=beta&t=nx_n1jPF7EcYuChWNk-15IYeWxbnPRexZp_YgN-OfhI,https://ca.linkedin.com/jobs/view/software-developer-i-at-moneris-3215387850?refId=plnIOzFaeERnCTnIIpgeQw%3D%3D&trackingId=cfRbswCiUAY6juuodZYYWg%3D%3D&position=6&pageNum=0&trk=public_jobs_jserp-result_search-card
Software Developer - New Graduate,Amdocs,"Toronto, Ontario, Canada",N/A,Entry level,Full-time,https://media-exp1.licdn.com/dms/image/C4D0BAQEonprVFZlswg/company-logo_100_100/0/1656659557449?e=1668038400&v=beta&t=ydj6KdFUjoLscHRuXrX-Wg0wO5z-f5-kae0l0LDLooM,https://ca.linkedin.com/jobs/view/software-developer-new-graduate-at-amdocs-3174995546?refId=plnIOzFaeERnCTnIIpgeQw%3D%3D&trackingId=gzmtrb98uXj4FQRmKV3Rlw%3D%3D&position=7&pageNum=0&trk=public_jobs_jserp-result_search-card
New Grad Java Developer (January 2023 Start Date),CGI,"Toronto, Ontario, Canada",N/A,Associate,Internship,https://media-exp1.licdn.com/dms/image/C4E0BAQECzCQuU2D2qA/company-logo_100_100/0/1656669176089?e=1668038400&v=beta&t=Q2DTeTHZTZuH2ZFrjOmW8rTHp6eIOHS9l5p6utz-l74,https://ca.linkedin.com/jobs/view/new-grad-java-developer-january-2023-start-date-at-cgi-3215227560?refId=plnIOzFaeERnCTnIIpgeQw%3D%3D&trackingId=%2FIF2b32IDL1kzvM6tcpR4A%3D%3D&position=8&pageNum=0&trk=public_jobs_jserp-result_search-card
Junior Software Engineer (Remote),Canny,"Toronto, Ontario, Canada",N/A,Entry level,Full-time,https://media-exp1.licdn.com/dms/image/C560BAQHPep0tJutinA/company-logo_100_100/0/1648646430495?e=1668038400&v=beta&t=R34w5djJz0WZezh_IDB7L2vdgr7PICS7YevR4ITQhDk,https://ca.linkedin.com/jobs/view/junior-software-engineer-remote-at-canny-3105996665?refId=plnIOzFaeERnCTnIIpgeQw%3D%3D&trackingId=kF%2FAixtCz8gBH72VcAhSdA%3D%3D&position=9&pageNum=0&trk=public_jobs_jserp-result_search-card
2023 Summer Intern - Software Engineer [Slack],Slack,"Toronto, Ontario, Canada",N/A,Mid-Senior level,Full-time,https://media-exp1.licdn.com/dms/image/C560BAQG-22OtXJPGpA/company-logo_100_100/0/1568751879393?e=1668038400&v=beta&t=imcFWK1UaZTnz0BRscEdsoGvBg2TpaIdT1Gk5LlZG8g,https://ca.linkedin.com/jobs/view/2023-summer-intern-software-engineer-slack-at-slack-3212412594?refId=plnIOzFaeERnCTnIIpgeQw%3D%3D&trackingId=3D%2FWNMAh4CyC9k9zWqGHnw%3D%3D&position=10&pageNum=0&trk=public_jobs_jserp-result_search-card
Python Developer,Bravens Inc.,"Toronto, Ontario, Canada",N/A,Full-time,N/A,https://media-exp1.licdn.com/dms/image/C510BAQECe_NbMSzggw/company-logo_100_100/0/1536258477231?e=1668038400&v=beta&t=BP9W_9QXLKkR0voJVF1xnulIOpwSw43Q39Ojz6_crpc,https://ca.linkedin.com/jobs/view/python-developer-at-bravens-inc-3215384730?refId=plnIOzFaeERnCTnIIpgeQw%3D%3D&trackingId=J2sOmED75KkZ5zWHcU%2Fn%2BQ%3D%3D&position=11&pageNum=0&trk=public_jobs_jserp-result_search-card
Software Developer - New Graduate,Amdocs,"Toronto, Ontario, Canada",N/A,Entry level,Full-time,https://media-exp1.licdn.com/dms/image/C4D0BAQEonprVFZlswg/company-logo_100_100/0/1656659557449?e=1668038400&v=beta&t=ydj6KdFUjoLscHRuXrX-Wg0wO5z-f5-kae0l0LDLooM,https://ca.linkedin.com/jobs/view/software-developer-new-graduate-at-amdocs-3193049538?refId=plnIOzFaeERnCTnIIpgeQw%3D%3D&trackingId=BbbulIrAZ8EgcIquyS62KA%3D%3D&position=12&pageNum=0&trk=public_jobs_jserp-result_search-card
Full Stack Engineering,HSBC,"Toronto, Ontario, Canada",N/A,Not Applicable,Full-time,https://media-exp1.licdn.com/dms/image/C560BAQGbwpCoexVW1A/company-logo_100_100/0/1656662751977?e=1668038400&v=beta&t=3vC2ngp2gO0k_WNe5bnO1-_c4PsdF60PoPmRZziu_BI,https://ca.linkedin.com/jobs/view/full-stack-engineering-at-hsbc-3213717952?refId=plnIOzFaeERnCTnIIpgeQw%3D%3D&trackingId=3%2BTQcFMw2qNgwdvqkwXi7g%3D%3D&position=13&pageNum=0&trk=public_jobs_jserp-result_search-card
Full Stack Engineering,HSBC,"Toronto, Ontario, Canada",N/A,Not Applicable,Full-time,https://media-exp1.licdn.com/dms/image/C560BAQGbwpCoexVW1A/company-logo_100_100/0/1656662751977?e=1668038400&v=beta&t=3vC2ngp2gO0k_WNe5bnO1-_c4PsdF60PoPmRZziu_BI,https://ca.linkedin.com/jobs/view/full-stack-engineering-at-hsbc-3213721468?refId=plnIOzFaeERnCTnIIpgeQw%3D%3D&trackingId=pjYepSfBEm4jsiraZnu%2BvA%3D%3D&position=14&pageNum=0&trk=public_jobs_jserp-result_search-card
Software Developer (New/Recent Graduate),BMO,"Toronto, Ontario, Canada",N/A,Not Applicable,Full-time,https://media-exp1.licdn.com/dms/image/C560BAQFCNkpWWmhfFg/company-logo_100_100/0/1657053814042?e=1668038400&v=beta&t=v5WojvizvGlGbTQj_rO2kIfZPsp6Sligi6MU4QwFR8Q,https://ca.linkedin.com/jobs/view/software-developer-new-recent-graduate-at-bmo-3209798189?refId=plnIOzFaeERnCTnIIpgeQw%3D%3D&trackingId=fCCQRwcK%2F6CNJnFDzh7BWw%3D%3D&position=15&pageNum=0&trk=public_jobs_jserp-result_search-card
Senior Software Engineer,CorGTA Inc.,"Toronto, Ontario, Canada",N/A,Full-time,N/A,https://media-exp1.licdn.com/dms/image/C560BAQFRZzDoVA0xEw/company-logo_100_100/0/1614113052314?e=1668038400&v=beta&t=m3LuhJbbXGCclq1N5uU8suU0hs_94OKShQSFMBsroE8,https://ca.linkedin.com/jobs/view/senior-software-engineer-at-corgta-inc-3207800785?refId=plnIOzFaeERnCTnIIpgeQw%3D%3D&trackingId=e2%2F6zrd2gkpBBfPv5hMmCg%3D%3D&position=16&pageNum=0&trk=public_jobs_jserp-result_search-card
Software Engineer,Startd,"Toronto, Ontario, Canada",N/A,Contract,N/A,https://media-exp1.licdn.com/dms/image/C4D0BAQFckszr0ZvuFg/company-logo_100_100/0/1656849983333?e=1668038400&v=beta&t=wjw01zNgbcaJvqhEvDFmBeWTzBEQDjGEvW_NhTuP3j8,https://ca.linkedin.com/jobs/view/software-engineer-at-startd-3203721431?refId=plnIOzFaeERnCTnIIpgeQw%3D%3D&trackingId=novgKPyKRjX59km2VL2hCw%3D%3D&position=17&pageNum=0&trk=public_jobs_jserp-result_search-card
Python Developer,Bravens Inc.,"Toronto, Ontario, Canada",N/A,Full-time,N/A,https://media-exp1.licdn.com/dms/image/C510BAQECe_NbMSzggw/company-logo_100_100/0/1536258477231?e=1668038400&v=beta&t=BP9W_9QXLKkR0voJVF1xnulIOpwSw43Q39Ojz6_crpc,https://ca.linkedin.com/jobs/view/python-developer-at-bravens-inc-3215369258?refId=plnIOzFaeERnCTnIIpgeQw%3D%3D&trackingId=ANhqXFQ%2BJxmQX%2B46LMiOBQ%3D%3D&position=18&pageNum=0&trk=public_jobs_jserp-result_search-card
Full Stack Engineer [Remote],Braintrust,"Toronto, Ontario, Canada",N/A,Entry level,Full-time,https://media-exp1.licdn.com/dms/image/C560BAQHbQYFSQsK__A/company-logo_100_100/0/1630511737707?e=1668038400&v=beta&t=kYf5dir8KNJCNJU4ftWMBlf2gFiaBfXKOYUtJyhtvAI,https://ca.linkedin.com/jobs/view/full-stack-engineer-remote-at-braintrust-3206077436?refId=plnIOzFaeERnCTnIIpgeQw%3D%3D&trackingId=GMi6uXxfYlx2EiI3uz023Q%3D%3D&position=19&pageNum=0&trk=public_jobs_jserp-result_search-card
Application Software Developer (New or Recent Graduate),BMO,"Toronto, Ontario, Canada",N/A,Not Applicable,Full-time,https://media-exp1.licdn.com/dms/image/C560BAQFCNkpWWmhfFg/company-logo_100_100/0/1657053814042?e=1668038400&v=beta&t=v5WojvizvGlGbTQj_rO2kIfZPsp6Sligi6MU4QwFR8Q,https://ca.linkedin.com/jobs/view/application-software-developer-new-or-recent-graduate-at-bmo-3212162476?refId=plnIOzFaeERnCTnIIpgeQw%3D%3D&trackingId=AGKy41QmXDidQeK1sSD3qQ%3D%3D&position=20&pageNum=0&trk=public_jobs_jserp-result_search-card
Junior Java Developer,CIBC,"Toronto, Ontario, Canada",N/A,Entry level,Full-time,https://media-exp1.licdn.com/dms/image/C560BAQFzsuOBMbdVng/company-logo_100_100/0/1656945055491?e=1668038400&v=beta&t=fhodwNifzYLuWREoCmt4mFlmJBZQeDKCqDk2kPwpKQM,https://ca.linkedin.com/jobs/view/junior-java-developer-at-cibc-3209391886?refId=plnIOzFaeERnCTnIIpgeQw%3D%3D&trackingId=6uRW11bny15W8%2FKgTYovmg%3D%3D&position=21&pageNum=0&trk=public_jobs_jserp-result_search-card
Junior Software Developer,Perpetua,"Toronto, Ontario, Canada",N/A,Full-time,N/A,https://media-exp1.licdn.com/dms/image/C4D0BAQGHrrH3LD0NSg/company-logo_100_100/0/1654099166256?e=1668038400&v=beta&t=BfW8Xgy3ic3XNEsBHY40yQVYzWxAbuaM9Jch-QYNtag,https://ca.linkedin.com/jobs/view/junior-software-developer-at-perpetua-3204826855?refId=plnIOzFaeERnCTnIIpgeQw%3D%3D&trackingId=U1MKVO4cy%2FT5T60tU%2B0HCw%3D%3D&position=22&pageNum=0&trk=public_jobs_jserp-result_search-card
Java Developer,Diverse Lynx,"Toronto, Ontario, Canada",N/A,Full-time,N/A,https://media-exp1.licdn.com/dms/image/C4E0BAQGk4XHA-0aydA/company-logo_100_100/0/1553721179130?e=1668038400&v=beta&t=XCMuSW5jfkNvWzUuk2oTHPADbJ42Sy1rkOh5fHUAkQw,https://ca.linkedin.com/jobs/view/java-developer-at-diverse-lynx-3213127004?refId=plnIOzFaeERnCTnIIpgeQw%3D%3D&trackingId=VmhG%2Bx41DTvuo0dvOjxB2A%3D%3D&position=24&pageNum=0&trk=public_jobs_jserp-result_search-card
"engineer, software - Urgent Hiring",Vizzion,"Toronto, Ontario, Canada",N/A,Not Applicable,Full-time,https://media-exp1.licdn.com/dms/image/C4D0BAQGfYYYWhS1dSQ/company-logo_100_100/0/1519916025956?e=1668038400&v=beta&t=OnIxMfo6o24iw37ah7OmxENTEghNNDpHBo4aeMwmbrI,https://ca.linkedin.com/jobs/view/engineer-software-urgent-hiring-at-vizzion-3210925752?refId=plnIOzFaeERnCTnIIpgeQw%3D%3D&trackingId=%2FRR9zIUrhfs8SnWmfs5ilQ%3D%3D&position=25&pageNum=0&trk=public_jobs_jserp-result_search-card